vitesse_vent_ms,temperature_c,densite_air_kg_m3,turbulence_pct,energie_kwh
6.025,18.718,1.209,6.07,685.35
13.615,31.236,1.16,6.723,1959.82
15.882,4.037,1.273,10.889,910.93
8.97,-3.419,1.309,19.327,198.21
17.183,20.852,1.201,4.939,2000.0
3.905,13.196,1.233,6.46,0.0
18.375,21.99,1.196,4.69,2000.0
11.399,4.61,1.271,9.224,870.79
14.755,0.998,1.288,10.74,1908.55
15.74,0.585,1.29,4.999,1285.78
18.131,2.907,1.279,14.13,335.87
6.312,18.741,1.209,12.67,189.72
12.747,29.414,1.167,21.642,1639.5
10.204,20.236,1.203,5.564,1355.78
9.397,21.067,1.2,16.934,967.14
6.194,8.815,1.252,19.433,909.25
14.236,21.218,1.199,14.152,1927.3
15.243,21.874,1.196,16.775,1299.41
7.531,-4.154,1.312,22.292,13.46
10.386,31.876,1.157,21.28,1182.17
12.033,24.325,1.187,17.215,1479.55
15.615,17.799,1.213,21.486,770.34
17.755,28.064,1.172,22.492,1509.96
5.955,1.144,1.287,14.497,197.15
12.819,-3.595,1.31,12.158,1775.98
5.475,15.182,1.224,5.804,0.0
3.758,5.814,1.265,19.582,0.0
11.432,13.469,1.232,15.079,1146.42
13.083,27.023,1.176,22.862,1652.82
6.169,32.17,1.156,16.438,100.13
9.481,9.734,1.248,3.142,782.76
18.316,9.387,1.249,12.084,1739.99
16.561,-4.022,1.312,22.988,1542.34
5.958,18.144,1.212,9.728,440.97
8.328,3.806,1.275,3.15,540.92
16.44,2.553,1.28,7.4,2000.0
9.905,11.536,1.24,3.203,1152.16
2.991,0.122,1.292,10.365,0.0
13.21,13.547,1.231,8.248,1392.31
3.142,15.22,1.224,7.439,58.03
6.141,17.878,1.213,14.581,0.0
16.966,6.185,1.264,10.096,2000.0
4.523,-2.979,1.307,21.614,0.0
12.043,6.001,1.264,10.806,904.14
6.603,2.415,1.281,7.189,242.43
7.413,22.717,1.193,20.281,403.64
15.14,24.366,1.186,3.087,2000.0
17.089,16.229,1.22,19.396,1847.68
4.349,1.143,1.287,17.298,159.12
6.377,7.219,1.259,9.141,1900.11
16.877,20.158,1.203,11.784,1762.27
15.294,22.304,1.195,18.488,1472.75
5.531,15.1,1.225,11.821,171.78
8.853,21.149,1.199,19.432,306.8
10.037,29.901,1.165,13.223,1133.85
15.616,11.402,1.24,17.727,2000.0
7.89,13.902,1.23,4.831,531.99
8.945,10.229,1.246,20.282,557.12
2.524,14.946,1.225,14.827,0.0
13.11,-2.126,1.302,8.852,1272.32
11.638,26.313,1.179,5.651,634.5
15.126,29.473,1.166,12.024,1737.78
10.34,11.567,1.24,16.559,761.7
8.516,34.793,1.146,8.195,547.2
9.905,19.08,1.208,14.415,907.54
4.589,13.473,1.232,22.182,0.0
10.742,12.003,1.238,19.246,551.65
15.157,17.657,1.214,14.929,196.82
8.413,5.539,1.267,15.775,611.6
3.991,30.591,1.162,5.01,0.0
16.473,34.771,1.146,14.792,1626.14
13.108,-2.402,1.304,8.154,1628.11
7.047,1.177,1.287,3.243,290.42
2.068,-3.105,1.307,10.034,169.52
15.993,14.106,1.229,21.09,2000.0
2.759,8.983,1.251,13.358,58.82
4.376,32.187,1.156,14.704,277.58
18.487,24.716,1.185,18.241,1141.85
8.361,20.04,1.204,16.292,1327.99
6.04,25.244,1.183,18.657,510.1
4.998,-1.789,1.301,10.619,182.64
7.821,5.538,1.267,11.785,0.0
9.083,23.95,1.188,9.6,658.38
6.902,3.216,1.277,11.086,805.62
8.547,24.463,1.186,20.85,1981.2
4.767,32.703,1.154,10.294,551.88
9.125,19.489,1.206,12.931,0.0
10.904,30.87,1.161,8.102,1157.36
10.48,1.789,1.284,15.272,780.78
3.882,34.712,1.147,3.51,0.0
14.775,28.907,1.169,18.315,1799.0
5.857,2.046,1.283,11.743,500.69
4.106,14.968,1.225,9.523,118.9
9.146,0.089,1.292,7.105,745.05
15.493,15.627,1.222,8.339,1778.42
16.868,25.804,1.181,18.477,1103.87
10.424,23.543,1.19,4.238,964.76
18.718,-4.109,1.312,8.697,2000.0
17.578,6.653,1.262,13.246,1111.05
6.815,19.263,1.207,15.819,0.0
7.466,9.077,1.251,13.145,1221.78
2.874,17.71,1.214,6.089,0.0
6.775,21.517,1.198,15.959,0.0
14.607,28.525,1.17,21.448,1612.15
3.442,14.264,1.228,20.194,122.18
18.738,4.482,1.271,16.964,1350.02
14.895,17.507,1.214,5.917,2000.0
3.698,5.353,1.267,22.031,217.1
4.384,6.376,1.263,15.875,0.0
15.506,32.184,1.156,8.37,1777.97
5.554,24.843,1.185,12.436,0.0
6.728,-3.441,1.309,18.126,101.97
10.874,4.539,1.271,3.53,940.2
18.108,23.211,1.191,4.727,1925.91
6.383,7.305,1.259,15.2,264.83
15.993,5.533,1.267,20.215,29.49
3.858,-1.192,1.298,17.122,0.0
11.932,-1.411,1.299,13.129,1276.88
2.826,28.992,1.168,21.321,319.29
11.557,21.399,1.198,6.19,697.01
9.841,29.729,1.165,7.566,729.63
10.4,30.022,1.164,21.457,563.35
8.204,-2.792,1.306,14.796,164.41
14.328,28.828,1.169,6.086,2000.0
16.236,11.495,1.24,4.152,1793.95
11.847,-4.815,1.315,4.935,1403.97
7.371,34.742,1.146,6.893,230.03
4.798,33.977,1.149,13.904,0.0
7.167,34.145,1.149,14.869,107.25
3.639,-2.897,1.306,13.648,0.0
14.609,32.817,1.154,4.586,1313.15
14.79,5.034,1.269,11.915,2000.0
11.419,7.152,1.259,22.0,991.81
6.991,2.728,1.279,5.86,538.74
8.411,29.219,1.167,17.199,217.99
13.219,34.991,1.146,16.177,1967.51
17.254,15.875,1.221,17.958,1581.58
12.001,24.974,1.184,13.993,805.24
11.411,27.248,1.175,17.68,631.1
7.376,24.461,1.186,15.206,0.0
18.738,19.524,1.206,15.333,2000.0
4.087,-0.3,1.294,16.051,486.71
16.341,3.471,1.276,5.015,1819.95
18.594,0.063,1.292,18.86,1548.09
4.376,24.808,1.185,15.856,591.62
3.537,25.874,1.18,16.87,0.0
9.334,2.541,1.28,22.49,1404.21
10.927,30.428,1.163,9.432,1295.25
8.336,2.235,1.282,7.602,573.87
8.794,25.061,1.184,15.394,1098.39
17.727,14.864,1.226,15.784,1839.18
4.035,19.541,1.206,21.382,0.0
15.873,-3.273,1.308,18.166,1639.63
14.665,-1.257,1.298,17.995,1261.94
4.617,34.8,1.146,22.181,0.0
9.868,15.23,1.224,12.368,1010.85
4.639,-1.088,1.297,11.66,259.61
13.48,-4.977,1.316,15.356,1717.6
16.876,9.368,1.249,19.12,1417.75
2.683,34.319,1.148,16.677,70.33
7.663,3.054,1.278,17.702,514.94
7.276,2.312,1.281,10.882,388.17
4.022,15.107,1.225,20.103,84.8
10.513,3.358,1.277,5.172,211.64
9.839,-0.834,1.296,5.016,950.41
2.303,32.447,1.155,19.459,0.0
9.538,5.828,1.265,12.742,736.19
13.428,-4.041,1.312,16.855,2000.0
14.068,13.553,1.231,14.756,1359.3
8.748,5.515,1.267,8.398,379.19
14.764,17.554,1.214,16.973,1708.5
6.162,25.807,1.181,3.774,196.57
14.668,4.835,1.27,10.434,1310.71
14.75,25.417,1.182,21.963,1754.95
2.945,34.199,1.148,13.668,47.21
9.188,-1.85,1.301,17.145,775.2
16.341,12.127,1.237,20.497,1713.1
17.13,33.119,1.153,21.334,2000.0
4.558,11.69,1.239,22.287,83.3
14.252,22.742,1.193,17.914,1730.65
2.511,5.295,1.268,3.726,0.0
14.939,19.062,1.208,14.118,1599.52
2.866,19.416,1.207,21.022,366.7
18.586,-3.022,1.307,7.945,759.18
12.23,3.007,1.278,3.672,696.9
11.677,33.778,1.15,16.44,945.78
5.005,-3.458,1.309,7.655,515.06
7.813,20.561,1.202,10.478,342.66
7.31,-2.789,1.306,13.789,135.22
13.279,-3.696,1.31,13.417,1005.72
7.637,11.999,1.238,22.399,387.62
15.624,28.421,1.17,22.953,1757.53
2.615,15.757,1.222,16.583,0.0
5.282,3.022,1.278,7.907,1516.51
16.634,22.409,1.194,19.244,1904.39
6.151,11.809,1.239,11.843,484.08
5.369,34.763,1.146,11.692,270.77
11.719,17.576,1.214,7.997,1305.44
15.681,5.592,1.266,14.431,1991.2
15.124,33.348,1.152,3.078,2000.0
10.571,9.602,1.248,9.446,276.2
13.184,26.658,1.177,4.449,1105.08
14.744,13.098,1.233,9.845,1667.71
5.44,31.956,1.157,11.395,25.5
4.443,30.404,1.163,11.334,161.77
4.021,4.501,1.271,18.84,123.5
2.592,28.228,1.171,17.221,354.71
17.345,20.517,1.202,6.317,2000.0
12.738,-2.357,1.304,21.629,1030.15
12.922,21.501,1.198,20.415,1351.33
6.946,-1.128,1.298,3.316,0.0
15.169,1.005,1.288,13.286,678.5
3.132,32.828,1.154,5.119,126.27
4.446,7.426,1.258,18.069,0.0
9.346,24.738,1.185,13.972,1250.19
16.944,29.145,1.168,14.064,1909.66
7.426,12.706,1.235,8.034,1770.34
16.508,10.901,1.243,17.466,1791.59
7.466,-2.344,1.303,12.419,33.65
14.73,29.502,1.166,12.602,1148.74
18.865,14.92,1.225,12.688,1656.74
2.805,17.874,1.213,5.851,512.12
18.95,4.41,1.272,5.38,1967.45
8.254,19.085,1.208,8.134,400.65
3.085,17.564,1.214,13.553,247.01
14.469,34.122,1.149,5.029,1997.69
3.225,26.512,1.178,17.088,0.0
14.096,19.589,1.206,22.645,1981.66
8.477,7.829,1.256,21.466,1152.55
2.157,-1.999,1.302,16.813,98.4
9.796,28.867,1.169,11.634,664.94
16.839,18.808,1.209,3.888,2000.0
12.338,17.632,1.214,11.487,1633.6
4.82,16.252,1.22,7.893,0.0
9.274,24.135,1.187,8.491,429.74
6.023,8.916,1.251,12.057,0.0
11.97,31.116,1.16,7.959,1202.44
4.606,28.388,1.171,8.908,0.0
4.199,25.874,1.18,14.185,16.61
8.706,13.489,1.231,18.239,924.3
16.579,27.485,1.174,17.191,1859.36
2.696,19.789,1.205,7.693,0.0
13.658,33.242,1.152,22.817,1191.0
16.603,13.1,1.233,8.418,2000.0
7.68,7.053,1.26,12.125,618.32
6.122,25.521,1.182,10.077,168.83
16.44,9.76,1.248,22.692,1547.95
18.861,11.646,1.239,16.18,2000.0
10.789,-2.931,1.306,3.86,600.84
18.647,6.179,1.264,15.833,1910.55
13.924,12.164,1.237,18.837,121.23
6.784,7.843,1.256,4.008,306.6
11.451,4.23,1.273,7.45,857.79
2.907,-0.708,1.296,10.973,1938.17
10.149,5.723,1.266,10.028,586.99
10.845,13.957,1.229,10.583,431.48
17.943,14.271,1.228,9.794,2000.0
6.24,4.119,1.273,14.654,493.29
4.679,-0.654,1.295,18.082,0.0
5.519,14.001,1.229,19.861,0.0
8.68,18.505,1.21,19.25,98.17
7.768,-1.269,1.298,10.854,285.69
4.142,-0.364,1.294,21.565,0.0
5.048,1.23,1.286,21.266,0.0
16.032,2.677,1.28,15.535,2000.0
7.478,-3.543,1.309,11.647,1954.01
15.517,10.682,1.244,18.655,1937.5
12.724,28.683,1.169,7.826,1644.29
6.726,6.801,1.261,12.458,443.55
7.425,2.459,1.281,13.667,1165.98
9.444,28.913,1.169,13.281,768.29
7.392,12.856,1.234,21.455,137.73
14.619,21.235,1.199,4.671,2000.0
9.802,25.171,1.183,15.124,693.28
11.93,14.857,1.226,6.264,1069.92
17.182,-4.05,1.312,20.039,1420.56
15.215,-1.085,1.297,14.212,1989.11
14.944,19.942,1.204,14.882,1714.13
8.537,27.421,1.174,3.859,0.0
5.754,5.305,1.268,20.389,286.81
3.751,3.977,1.274,6.808,319.0
4.856,30.453,1.163,6.689,818.8
6.965,0.641,1.289,6.141,109.24
11.102,25.422,1.182,11.207,711.9
6.628,21.758,1.197,21.741,1585.02
3.606,7.071,1.26,6.32,64.68
3.055,-0.253,1.293,4.377,541.97
11.034,26.863,1.177,8.564,1316.48
5.7,27.82,1.173,4.871,49.95
15.215,32.119,1.156,10.865,1171.25
12.642,26.809,1.177,7.08,1966.76
17.344,32.821,1.154,15.846,1471.32
4.561,3.061,1.278,18.534,32.47
18.502,30.78,1.161,18.306,1211.66
7.314,20.76,1.201,11.536,66.86
5.441,0.091,1.292,8.975,72.07
3.618,28.07,1.172,12.47,13.36
8.883,34.632,1.147,3.524,641.7
11.689,-1.372,1.299,12.542,1537.09
5.726,0.351,1.291,17.906,749.61
8.398,19.252,1.207,7.333,706.48
14.695,31.12,1.16,12.022,2000.0
12.946,17.449,1.215,11.338,1589.24
7.582,30.313,1.163,10.106,249.13
18.806,26.389,1.178,8.735,380.08
4.104,16.74,1.218,20.218,350.43
5.977,18.39,1.211,13.395,312.03
12.035,5.017,1.269,7.311,783.48
4.467,20.57,1.202,13.506,0.0
18.293,8.931,1.251,16.68,1705.6
15.546,-3.035,1.307,18.2,2000.0
2.739,11.871,1.238,19.012,0.0
3.634,4.388,1.272,9.881,408.23
8.935,32.167,1.156,8.998,901.84
11.981,12.896,1.234,17.2,1440.53
16.507,3.783,1.275,3.804,2000.0
12.543,15.393,1.223,15.083,990.8
4.194,30.789,1.161,13.468,172.81
11.961,6.965,1.26,5.583,1059.59
9.585,17.176,1.216,4.019,123.93
13.468,2.144,1.282,8.104,1729.77
10.577,31.934,1.157,8.409,1272.34
18.246,10.454,1.245,21.636,1823.63
15.329,10.968,1.242,17.956,741.87
9.076,-2.967,1.306,17.783,529.01
10.642,29.697,1.166,3.724,801.44
14.543,8.076,1.255,5.809,2000.0
10.118,19.413,1.207,19.584,653.91
5.932,10.114,1.246,6.897,835.08
14.2,29.399,1.167,11.921,2000.0
9.461,17.036,1.216,18.845,356.82
6.678,10.155,1.246,3.02,16.22
2.386,32.071,1.156,19.315,418.48
18.739,19.746,1.205,4.154,2000.0
15.363,14.448,1.227,8.948,2000.0
5.085,-2.327,1.303,20.073,0.0
15.635,14.74,1.226,10.56,1809.3
7.826,31.894,1.157,8.99,299.0
3.442,16.071,1.22,20.656,242.58
15.625,24.883,1.184,17.781,2000.0
15.325,-2.128,1.302,15.929,1966.87
3.184,6.499,1.262,18.107,612.22
8.823,4.227,1.273,20.731,316.2
5.398,-1.007,1.297,16.147,32.55
14.063,5.189,1.268,19.301,2000.0
12.787,8.342,1.254,18.219,1853.18
18.691,17.171,1.216,22.585,2000.0
3.148,26.821,1.177,18.982,367.94
2.124,31.392,1.159,14.26,20.25
3.559,6.875,1.261,8.281,0.0
5.148,3.112,1.278,15.649,268.54
2.212,6.392,1.263,20.965,537.5
2.832,1.171,1.287,18.294,157.62
5.345,21.993,1.196,6.815,227.05
9.79,32.482,1.155,19.688,549.96
3.491,31.344,1.159,9.315,0.0
7.126,8.829,1.252,20.673,175.72
2.878,-1.438,1.299,22.117,74.55
11.006,-3.302,1.308,16.339,1447.24
9.082,-3.298,1.308,10.531,476.46
3.785,5.428,1.267,4.99,46.25
4.981,-3.11,1.307,21.303,0.0
16.713,24.339,1.187,15.711,1925.45
14.963,11.294,1.241,6.236,2000.0
15.251,8.907,1.251,10.866,2000.0
11.401,30.596,1.162,5.339,1032.78
8.631,12.246,1.237,19.199,587.72
9.424,14.747,1.226,9.772,557.52
4.611,23.477,1.19,6.221,197.78
12.774,6.593,1.262,7.202,1597.46
3.114,23.456,1.19,5.578,18.06
15.067,30.287,1.163,21.612,979.78
2.25,21.339,1.199,3.689,140.1
3.577,15.858,1.221,9.135,0.0
18.959,34.425,1.148,19.315,1507.38
14.228,10.596,1.244,17.082,2000.0
17.651,1.799,1.284,16.705,2000.0
16.379,-3.688,1.31,11.681,1616.26
12.212,1.024,1.287,8.766,925.74
13.52,11.851,1.239,4.999,1500.96
13.604,16.88,1.217,19.038,1513.42
9.62,7.307,1.259,19.438,862.0
9.726,29.069,1.168,12.83,791.47
13.471,15.879,1.221,18.646,1613.63
15.31,15.163,1.224,4.436,2000.0
4.357,18.501,1.21,3.702,0.0
14.345,1.252,1.286,13.12,1856.11
13.22,30.935,1.161,6.084,1565.58
15.341,15.63,1.222,7.186,1446.02
17.911,12.93,1.234,14.506,1404.68
6.055,9.862,1.247,12.304,0.0
9.031,27.256,1.175,5.07,121.69
14.474,16.832,1.217,17.179,1792.95
9.76,6.692,1.261,12.967,816.38
4.61,16.931,1.217,13.385,0.0
2.081,1.992,1.283,16.56,0.0
2.077,8.05,1.255,12.22,217.33
2.393,12.93,1.234,14.895,0.0
14.682,-1.377,1.299,21.539,2000.0
5.954,20.073,1.204,7.993,0.0
2.128,32.955,1.153,11.281,261.44
9.417,34.564,1.147,15.454,225.25
15.239,28.072,1.172,8.544,2000.0
2.092,27.398,1.174,4.081,996.03
11.122,12.929,1.234,9.361,1095.88
15.532,26.502,1.178,14.259,1935.93
3.881,13.899,1.23,4.533,0.0
6.094,3.523,1.276,14.173,286.35
2.72,5.641,1.266,10.605,0.0
7.133,31.531,1.159,22.965,225.09
16.426,23.326,1.191,6.359,1572.03
7.391,2.539,1.28,16.1,474.59
13.664,11.115,1.242,22.769,1066.28
11.669,27.792,1.173,5.024,1464.01
5.435,14.784,1.226,12.94,0.0
15.272,29.095,1.168,13.75,1304.69
11.551,8.561,1.253,14.251,1459.79
8.997,-2.126,1.302,5.826,589.95
2.609,14.089,1.229,9.625,591.37
2.942,32.467,1.155,15.286,378.62
3.406,9.979,1.247,13.195,724.25
17.515,2.524,1.28,17.105,1806.06
2.684,32.9,1.153,4.146,37.52
10.562,20.529,1.202,22.941,1009.94
13.088,-2.93,1.306,13.079,1734.24
11.443,31.867,1.157,15.048,998.1
12.108,-0.653,1.295,19.237,1089.42
12.525,13.557,1.231,20.34,1175.21
11.113,9.836,1.247,10.757,1376.84
6.9,28.19,1.171,8.572,225.1
16.497,28.989,1.168,15.292,1597.29
8.801,29.774,1.165,22.335,1193.68
6.108,7.489,1.258,22.732,1554.79
12.253,31.498,1.159,17.588,668.29
15.233,1.878,1.283,21.006,1527.14
17.614,0.602,1.289,12.849,2000.0
16.382,32.185,1.156,18.736,1523.11
18.307,2.548,1.28,12.072,2000.0
9.069,26.466,1.178,15.523,0.0
7.39,6.514,1.262,9.581,417.27
9.969,0.684,1.289,14.137,610.63
16.266,14.442,1.227,15.897,1635.03
12.119,31.244,1.16,20.382,1108.46
7.672,14.088,1.229,19.822,95.71
16.019,16.619,1.218,10.931,1198.58
15.265,11.066,1.242,15.756,2000.0
2.636,-3.396,1.309,13.331,77.09
2.3,11.333,1.241,16.186,0.0
3.43,8.287,1.254,18.945,0.0
15.726,32.317,1.156,11.194,1418.46
17.189,-3.564,1.309,19.724,1881.72
7.623,17.013,1.217,4.405,87.94
2.493,28.405,1.171,3.566,62.98
17.454,7.654,1.257,12.31,1452.45
12.383,-4.127,1.312,11.787,1409.24
16.217,26.171,1.179,3.224,1913.21
13.047,13.63,1.231,14.266,1755.52
11.731,9.771,1.248,4.616,1383.84
4.241,33.575,1.151,15.284,0.0
17.572,10.069,1.246,16.566,1968.84
14.038,15.803,1.222,21.636,1347.69
12.19,16.396,1.219,4.775,663.79
10.821,16.384,1.219,4.535,814.02
9.987,14.192,1.228,19.08,726.19
12.586,-0.393,1.294,5.766,999.22
3.616,5.912,1.265,3.659,218.42
16.667,11.557,1.24,22.92,1931.16
12.214,17.541,1.214,16.483,1161.72
13.253,-0.869,1.296,6.861,1470.78
15.492,23.842,1.189,22.482,1276.44
6.672,18.298,1.211,14.956,502.42
8.232,0.302,1.291,14.477,1428.68
4.209,3.279,1.277,14.75,385.36
10.851,9.799,1.248,6.459,864.17
17.343,16.98,1.217,16.129,1741.84
2.828,3.677,1.275,22.707,1907.0
4.512,4.007,1.274,10.095,0.0
16.904,16.33,1.219,21.738,1814.69
4.073,-2.682,1.305,4.503,0.0
9.374,12.981,1.234,20.506,661.3
3.328,-2.15,1.303,16.998,27.59
8.808,27.956,1.172,21.308,165.22
7.567,5.903,1.265,7.528,608.39
12.195,13.214,1.233,5.68,612.82
13.992,-2.965,1.306,7.153,2000.0
7.761,22.442,1.194,13.978,827.52
8.7,9.209,1.25,15.57,851.99
17.817,-1.874,1.301,4.138,2000.0
8.191,17.087,1.216,20.748,221.63
4.643,28.952,1.168,22.188,0.0
4.497,21.609,1.198,22.467,0.0
6.337,13.335,1.232,3.134,326.29
13.157,3.32,1.277,8.756,1413.18
7.011,1.514,1.285,4.431,492.95
2.125,-0.704,1.296,17.404,1163.61
14.202,8.786,1.252,16.737,1738.69
14.359,22.605,1.194,12.274,987.84
17.831,34.953,1.146,16.056,906.05
12.258,4.668,1.271,6.476,1578.94
4.139,16.487,1.219,14.925,45.89
3.732,23.993,1.188,16.467,318.46
4.014,6.852,1.261,21.699,0.0
2.629,13.023,1.233,8.078,257.49
2.973,2.82,1.279,19.25,0.0
4.611,4.146,1.273,4.402,0.0
13.896,29.04,1.168,5.477,1693.05
16.562,22.217,1.195,19.733,1312.41
7.804,27.729,1.173,13.98,872.68
3.728,14.022,1.229,13.223,0.0
11.732,18.306,1.211,5.166,1364.19
4.24,10.709,1.244,14.703,0.0
14.125,12.278,1.237,3.1,676.17
5.12,11.082,1.242,21.791,0.0
12.664,29.086,1.168,7.303,1665.01
15.587,14.917,1.225,16.969,1560.98
7.539,2.819,1.279,14.724,0.0
12.301,10.809,1.243,22.615,1178.95
2.009,15.026,1.225,21.517,848.73
4.997,-4.655,1.315,17.45,576.65
11.257,17.248,1.216,19.534,1003.61
14.162,0.077,1.292,8.423,2000.0
10.749,20.662,1.201,15.851,968.96
9.388,5.609,1.266,9.924,202.2
6.103,18.269,1.211,22.064,0.0
10.199,18.771,1.209,10.546,380.06
6.426,33.077,1.153,3.016,0.0
18.7,-4.435,1.314,8.838,2000.0
13.602,30.535,1.162,14.66,1676.82
3.897,26.066,1.18,4.966,111.83
3.79,12.514,1.236,14.309,0.0
4.457,17.603,1.214,21.05,660.55
7.038,16.142,1.22,17.633,986.14
15.961,6.522,1.262,7.505,2000.0
6.644,9.949,1.247,9.612,0.0
11.41,15.605,1.222,5.242,748.3
6.837,4.115,1.273,20.496,0.0
9.24,3.075,1.278,19.927,633.91
17.124,-3.306,1.308,14.124,1587.93
8.351,13.76,1.23,16.428,1116.66
12.534,10.387,1.245,22.759,815.54
13.895,17.507,1.214,16.66,1925.32
16.736,-2.037,1.302,14.8,2000.0
17.769,30.957,1.161,19.461,1445.81
9.716,29.565,1.166,19.278,340.25
9.979,20.618,1.202,6.072,728.31
4.124,11.134,1.242,15.997,0.0
16.153,11.131,1.242,5.193,1872.96
17.328,2.116,1.282,13.921,1722.83
13.915,34.402,1.148,17.471,1790.63
9.852,8.17,1.255,19.054,946.74
15.387,-2.234,1.303,13.882,2000.0
12.031,7.554,1.257,12.941,1819.74
11.034,2.602,1.28,11.052,1263.91
16.946,6.048,1.264,7.895,1952.56
11.428,7.59,1.257,7.734,988.16
13.093,23.414,1.19,3.947,1369.61
15.005,32.946,1.153,14.845,1479.02
9.113,4.534,1.271,7.436,1094.98
8.298,22.181,1.195,9.449,476.06
14.489,13.729,1.23,11.765,1890.69
2.324,6.405,1.263,14.1,0.0
17.98,19.096,1.208,12.91,2000.0
5.309,30.611,1.162,17.514,486.74
6.304,11.71,1.239,20.854,0.0
8.131,33.425,1.151,15.461,1545.65
10.087,11.909,1.238,16.287,550.76
18.346,8.451,1.253,12.451,1489.38
16.631,10.526,1.244,9.562,1705.21
17.914,7.574,1.257,5.066,1236.8
6.599,17.727,1.214,18.99,603.59
15.002,15.767,1.222,21.668,1256.09
2.423,-1.41,1.299,14.207,0.0
14.49,17.21,1.216,11.766,380.18
18.663,6.577,1.262,7.651,1849.95
14.493,7.333,1.258,3.054,1954.22
16.148,9.295,1.25,12.628,2000.0
3.846,29.973,1.164,8.704,323.31
8.67,26.938,1.176,21.136,305.65
14.497,-3.992,1.311,7.461,1887.53
4.446,7.829,1.256,7.92,0.0
7.482,-4.518,1.314,14.971,525.98
4.941,25.808,1.181,6.1,761.33
14.337,24.92,1.184,13.593,2000.0
10.322,32.027,1.157,15.79,618.94
18.815,4.828,1.27,22.733,1680.1
17.773,14.177,1.229,7.439,2000.0
11.075,12.05,1.238,8.849,1158.29
3.8,12.843,1.234,7.826,0.0
14.57,-3.714,1.31,10.594,2000.0
5.396,28.686,1.169,12.857,83.19
16.106,3.573,1.276,3.825,1671.82
4.784,3.637,1.275,4.718,1947.52
18.625,24.501,1.186,9.283,1781.16
13.302,19.783,1.205,18.805,1912.75
7.448,17.48,1.215,18.026,755.14
17.671,23.722,1.189,13.318,1868.1
11.879,34.036,1.149,19.385,1592.99
6.462,-3.195,1.308,11.047,158.55
14.841,14.045,1.229,22.154,1960.25
12.715,10.144,1.246,13.443,1219.36
13.387,0.388,1.29,18.122,1423.91
11.877,-3.757,1.31,5.105,1068.72
8.304,25.316,1.183,16.638,0.0
6.142,1.765,1.284,22.396,518.81
10.049,34.286,1.148,13.551,418.26
8.775,1.141,1.287,15.125,193.67
8.007,1.813,1.284,20.776,0.0
2.768,27.278,1.175,8.119,0.0
2.395,23.937,1.188,9.207,546.68
2.745,14.044,1.229,16.837,657.97
4.071,29.692,1.166,16.321,0.0
17.706,8.561,1.253,19.766,1653.11
13.837,21.35,1.199,11.043,1463.75
18.87,29.856,1.165,20.179,1885.17
17.926,32.435,1.155,18.353,1710.22
4.9,25.996,1.18,15.403,0.0
4.769,23.67,1.189,4.803,77.95
11.215,-2.651,1.305,3.409,956.01
14.726,12.161,1.237,21.524,1233.95
9.833,19.553,1.206,9.242,792.84
17.042,31.77,1.158,18.308,1810.88
7.4,8.589,1.253,14.069,0.0
17.096,29.274,1.167,10.126,1746.17
6.87,9.464,1.249,14.424,810.98
10.639,27.977,1.172,19.54,1123.26
14.563,26.832,1.177,12.885,1193.03
12.778,26.195,1.179,8.771,1051.73
2.837,34.255,1.148,7.776,0.0
6.213,32.954,1.153,17.892,1664.14
9.128,24.941,1.184,4.519,612.46
2.613,-0.286,1.294,13.968,0.0
14.405,29.916,1.165,5.704,1830.7
16.518,29.762,1.165,14.053,1872.9
5.434,20.467,1.202,5.278,159.53
11.042,5.269,1.268,12.099,1545.39
11.403,3.895,1.274,8.859,1340.06
17.159,20.369,1.203,5.446,1346.61
6.914,-0.043,1.292,22.026,64.4
6.084,33.883,1.15,14.765,412.14
12.71,24.193,1.187,3.913,939.58
2.883,27.889,1.173,10.626,74.55
4.136,12.004,1.238,14.929,789.87
3.601,-3.937,1.311,19.115,531.46
4.431,-4.828,1.316,8.651,0.0
10.061,19.757,1.205,12.155,615.24
7.551,2.878,1.279,9.733,540.23
6.096,28.499,1.17,20.863,0.0
12.839,-1.4,1.299,14.844,1377.3
16.356,25.977,1.18,16.016,1521.88
11.425,8.112,1.255,5.701,1035.7
6.77,30.341,1.163,16.47,441.35
7.09,-2.803,1.306,6.399,66.8
12.79,18.074,1.212,7.435,1226.32
3.88,27.579,1.174,14.917,70.85
8.587,19.419,1.206,3.981,870.01
4.28,0.132,1.292,7.991,0.0
2.507,14.012,1.229,15.958,52.18
3.832,21.733,1.197,15.353,0.0
6.84,12.39,1.236,20.903,1445.66
2.282,6.464,1.262,17.025,0.0
15.126,-3.764,1.31,10.304,2000.0
10.06,15.115,1.225,3.485,492.11
4.839,20.326,1.203,9.766,407.36
16.588,20.066,1.204,22.508,1398.53
14.555,-3.45,1.309,21.486,1599.83
5.542,22.754,1.193,4.474,485.34
7.836,8.227,1.254,9.326,587.2
11.47,29.646,1.166,10.468,1024.66
7.228,3.665,1.275,9.191,521.97
8.674,24.76,1.185,9.488,315.59
15.984,33.488,1.151,4.289,1898.89
15.326,18.573,1.21,21.883,1263.6
7.917,34.953,1.146,12.911,587.78
13.144,9.755,1.248,3.809,1472.45
17.722,10.66,1.244,11.45,2000.0
13.855,23.421,1.19,20.851,1496.99
6.601,14.852,1.226,13.867,186.4
12.477,27.109,1.176,10.529,1478.95
11.195,12.851,1.234,21.382,853.33
7.714,25.26,1.183,14.41,161.16
9.748,10.699,1.244,12.252,162.97
2.988,-2.038,1.302,8.669,277.08
13.094,2.007,1.283,17.816,1274.36
10.185,32.476,1.155,22.988,576.78
9.644,7.589,1.257,20.006,1576.15
15.67,32.735,1.154,18.458,1239.94
3.617,26.288,1.179,6.63,0.0
7.68,20.936,1.2,14.286,855.71
4.539,0.87,1.288,20.588,0.0
4.246,-2.203,1.303,8.441,0.0
9.706,24.967,1.184,18.618,496.55
7.345,28.465,1.17,3.978,0.0
8.939,7.806,1.256,9.447,175.2
14.661,3.607,1.275,19.564,1642.72
9.453,27.11,1.176,6.734,895.1
13.905,9.43,1.249,7.048,1927.3
7.897,33.617,1.151,3.33,171.76
17.914,26.72,1.177,15.972,2000.0
10.716,14.763,1.226,6.244,1346.25
12.127,27.412,1.174,16.544,929.37
17.722,20.927,1.2,20.515,1384.14
17.481,-3.454,1.309,21.466,1632.78
15.389,1.002,1.288,12.026,2000.0
8.869,7.232,1.259,15.429,500.54
18.201,32.107,1.156,4.279,1746.8
4.781,12.039,1.238,15.948,281.79
18.976,18.927,1.209,16.627,2000.0
7.336,8.474,1.253,7.882,100.63
13.12,12.639,1.235,20.786,1452.27
7.79,13.706,1.231,20.502,526.09
4.333,24.923,1.184,18.587,0.0
17.514,28.706,1.169,12.78,1761.17
5.678,-1.464,1.299,6.901,0.0
16.336,23.151,1.191,14.26,1484.56
5.051,25.675,1.181,6.152,814.5
18.754,16.146,1.22,12.485,1947.73
6.322,29.382,1.167,21.74,25.99
9.723,22.253,1.195,14.593,426.13
3.559,32.752,1.154,18.161,15.98
8.146,32.067,1.157,4.611,20.28
8.444,0.237,1.291,14.306,16.92
5.392,-4.351,1.313,14.06,439.01
10.756,32.893,1.153,14.152,743.89
3.947,34.867,1.146,13.548,0.0
13.514,11.49,1.24,21.373,1628.99
7.123,3.437,1.276,5.085,783.82
17.859,2.228,1.282,22.425,1870.57
4.725,8.56,1.253,11.13,1015.55
18.86,22.501,1.194,4.907,1868.04
16.455,8.843,1.252,17.323,1755.45
18.835,33.341,1.152,6.373,2000.0
17.03,5.965,1.265,11.626,1438.51
18.476,5.297,1.268,19.583,2000.0
17.235,28.509,1.17,12.986,1046.29
15.205,17.847,1.213,14.935,1966.55
17.619,10.128,1.246,8.147,2000.0
4.386,32.227,1.156,4.649,195.54
5.189,34.611,1.147,7.89,0.0
10.8,6.037,1.264,12.612,962.46
11.939,12.643,1.235,14.804,674.91
17.72,13.733,1.23,18.798,2000.0
18.241,33.126,1.153,8.457,1506.1
15.306,30.126,1.164,3.248,1052.58
16.39,12.374,1.236,19.435,1448.03
11.711,20.504,1.202,8.706,905.61
15.598,34.465,1.147,15.975,2000.0
6.183,9.088,1.251,13.835,151.02
11.618,10.804,1.243,5.537,827.32
14.92,32.141,1.156,7.853,1450.38
11.023,-2.467,1.304,20.259,249.13
4.969,2.516,1.28,11.946,0.0
18.91,-4.559,1.314,9.036,2000.0
12.633,-1.289,1.298,8.764,1792.09
7.033,3.085,1.278,21.883,384.52
17.586,1.072,1.287,6.264,2000.0
11.773,12.592,1.235,22.28,753.98
7.021,2.018,1.283,10.066,127.51
7.406,12.467,1.236,12.443,0.0
4.912,12.553,1.235,17.48,402.83
10.748,25.554,1.182,9.442,1446.18
13.612,-2.621,1.305,18.147,1129.11
10.844,20.294,1.203,21.383,635.76
13.0,30.051,1.164,14.239,1741.75
15.216,12.801,1.234,11.224,1434.58
13.317,5.121,1.268,3.899,1958.08
4.81,10.145,1.246,15.086,442.24
11.002,2.08,1.283,3.949,1197.14
17.143,12.243,1.237,3.52,2000.0
9.934,13.798,1.23,4.372,1238.53
13.411,-4.368,1.313,16.507,2000.0
16.856,16.218,1.22,15.962,571.58
10.518,17.717,1.214,15.173,590.67
14.074,-1.226,1.298,18.911,1554.57
7.18,32.54,1.155,7.336,876.67
3.682,3.553,1.276,12.831,0.0
7.346,-1.248,1.298,22.358,129.79
12.895,5.305,1.268,20.638,1389.94
9.982,3.564,1.276,16.945,476.43
3.462,1.024,1.287,11.034,120.88
18.151,14.295,1.228,4.088,1111.42
2.898,14.556,1.227,12.966,0.0
13.572,15.782,1.222,14.64,1479.83
13.052,26.032,1.18,20.465,1595.96
3.963,23.876,1.188,14.496,136.99
2.388,29.226,1.167,14.712,451.84
16.978,8.706,1.252,22.326,1737.11
3.967,15.869,1.221,12.931,0.0
13.393,-2.148,1.303,13.859,1143.6
13.528,-0.439,1.294,15.401,1229.21
8.211,17.431,1.215,8.346,324.65
15.558,13.866,1.23,3.013,2000.0
13.934,26.476,1.178,5.931,1416.76
11.545,12.788,1.234,16.52,29.95
9.482,-1.532,1.3,18.017,564.87
10.273,-0.956,1.297,13.144,667.81
11.172,28.09,1.172,6.666,669.02
16.543,3.61,1.275,13.145,709.82
16.469,14.118,1.229,9.828,1692.52
12.76,0.897,1.288,10.869,1170.98
14.783,29.021,1.168,13.936,2000.0
17.25,10.133,1.246,3.799,2000.0
13.802,28.201,1.171,20.733,1471.63
12.0,32.972,1.153,17.797,1197.7
16.875,14.451,1.227,17.913,1705.14
10.325,14.673,1.226,17.847,808.68
5.201,24.191,1.187,4.924,0.0
7.771,9.452,1.249,10.055,940.99
15.153,25.77,1.181,6.686,1669.22
8.151,-1.214,1.298,14.045,831.04
9.001,16.098,1.22,3.02,441.35
17.861,3.233,1.277,13.42,2000.0
16.747,19.712,1.205,11.403,2000.0
15.987,10.415,1.245,13.749,2000.0
17.913,27.359,1.175,19.535,1401.46
10.009,11.051,1.242,16.581,976.66
5.269,34.65,1.147,22.954,627.5
5.603,-2.646,1.305,3.567,49.3
11.731,1.478,1.285,11.289,1152.2
13.652,15.307,1.224,9.025,1616.91
15.443,25.563,1.182,6.443,1736.18
12.546,19.874,1.205,4.962,1902.2
10.581,15.885,1.221,19.391,414.34
4.346,1.981,1.283,15.189,0.0
11.438,-1.903,1.301,9.852,443.36
13.036,-0.196,1.293,8.143,1839.59
8.735,8.793,1.252,13.366,1102.45
12.444,14.245,1.228,12.201,1130.34
12.133,1.301,1.286,15.603,1272.96
6.53,3.62,1.275,6.408,0.0
17.069,34.367,1.148,21.625,1625.62
6.899,5.937,1.265,20.858,0.0
11.609,7.957,1.256,4.808,1365.87
7.276,10.889,1.243,22.013,1769.94
17.911,28.698,1.169,11.19,1740.58
15.675,9.307,1.25,18.694,1637.62
6.223,-3.633,1.31,5.322,0.0
12.371,34.468,1.147,18.791,1275.9
5.648,33.835,1.15,11.925,0.0
9.087,2.943,1.278,7.945,694.77
2.367,-0.264,1.294,8.879,643.08
17.99,4.106,1.273,14.139,2000.0
3.436,27.603,1.174,17.134,0.0
4.336,27.822,1.173,4.862,0.0
10.608,23.314,1.191,10.024,943.04
16.062,28.184,1.171,17.177,654.08
2.039,15.49,1.223,5.203,0.0
18.66,3.988,1.274,16.217,1722.48
13.269,13.256,1.232,7.567,1621.87
4.599,16.058,1.221,7.054,610.36
18.653,29.249,1.167,19.393,1534.49
18.887,5.342,1.267,16.839,2000.0
15.993,25.49,1.182,19.014,1248.04
2.763,-1.771,1.301,15.398,0.0
14.231,-3.939,1.311,7.534,2000.0
10.124,0.246,1.291,22.44,1268.37
12.049,14.906,1.225,12.438,852.95
10.306,14.318,1.228,22.192,693.12
4.407,23.401,1.19,8.672,0.0
8.352,23.232,1.191,9.687,301.24
14.373,0.543,1.29,6.288,2000.0
12.863,-2.299,1.303,4.496,1516.64
14.626,19.255,1.207,20.088,1603.68
16.459,1.792,1.284,10.708,1649.76
4.228,16.827,1.217,6.95,0.0
3.599,34.24,1.148,5.297,566.03
7.201,18.159,1.212,5.389,296.43
18.521,-2.475,1.304,16.348,1572.42
8.715,12.798,1.234,9.911,335.98
6.826,33.581,1.151,9.576,951.66
8.68,25.243,1.183,9.561,97.24
9.922,4.44,1.272,20.642,1032.55
13.091,4.869,1.27,15.353,1440.52
7.176,-0.67,1.295,4.711,890.62
17.476,31.392,1.159,21.751,1550.29
6.497,30.82,1.161,9.803,137.14
16.07,22.066,1.196,4.347,2000.0
12.873,13.388,1.232,7.599,661.31
4.287,33.423,1.151,13.655,99.97
16.047,26.79,1.177,13.866,1718.51
14.28,10.66,1.244,18.45,2000.0
17.226,31.232,1.16,4.951,2000.0
8.775,34.487,1.147,10.809,24.44
17.249,25.374,1.182,21.321,2000.0
18.17,17.28,1.215,13.783,1705.32
18.2,22.933,1.192,12.023,1488.22
10.652,-1.239,1.298,22.692,822.47
4.623,32.422,1.155,15.633,0.0
16.216,13.262,1.232,5.78,2000.0
5.607,7.956,1.256,3.746,183.23
16.483,8.117,1.255,19.975,1777.22
17.357,0.403,1.29,7.897,2000.0
10.885,25.526,1.182,18.95,1084.14
3.49,1.643,1.285,7.235,244.24
12.046,33.543,1.151,22.162,1456.32
3.707,28.771,1.169,13.415,258.25
7.412,22.59,1.194,18.906,307.39
7.286,10.857,1.243,16.946,615.87
10.195,5.814,1.265,9.606,709.28
6.918,19.421,1.206,20.119,171.75
5.997,17.159,1.216,20.005,675.11
